{"stat.useItem.minecraft.string":2,"stat.useItem.minecraft.bow":21,"stat.useItem.minecraft.painting":3788,"stat.useItem.minecraft.quartz_block":105,"stat.leaveGame":158,"stat.useItem.minecraft.bookshelf":13,"stat.useItem.minecraft.soul_sand":3,"stat.drop.minecraft.redstone":1,"stat.useItem.minecraft.glowstone":206,"stat.drop.minecraft.trapdoor":1,"stat.useItem.minecraft.planks":9,"stat.useItem.minecraft.nether_brick_stairs":1,"stat.pickup.minecraft.glass":2,"stat.useItem.minecraft.water_bucket":465,"stat.drop.minecraft.redstone_torch":13,"stat.pickup.minecraft.sand":2,"stat.useItem.minecraft.sandstone_stairs":7,"stat.useItem.minecraft.purpur_stairs":8,"stat.useItem.minecraft.anvil":44,"stat.killEntity.Villager":1,"stat.hopperInspected":8,"stat.pickup.minecraft.light_weighted_pressure_plate":1,"stat.useItem.minecraft.oak_stairs":87,"stat.furnaceInteraction":8,"stat.drop.minecraft.stone_slab":1,"stat.pickup.minecraft.furnace":1,"stat.useItem.minecraft.redstone":10892,"stat.useItem.minecraft.red_sandstone":8,"stat.useItem.minecraft.trapdoor":348,"stat.useItem.minecraft.stained_glass":369,"stat.useItem.minecraft.fence":6,"stat.drop.minecraft.stone_pressure_plate":2,"stat.pickup.minecraft.acacia_door":10,"stat.useItem.minecraft.dark_oak_door":7,"stat.useItem.minecraft.acacia_fence":121,"stat.useItem.minecraft.hopper":124,"stat.pickup.minecraft.lever":134,"stat.playOneMinute":11406748,"stat.useItem.minecraft.lapis_ore":89,"stat.useItem.minecraft.stone":208,"stat.useItem.minecraft.sponge":807,"stat.pickup.minecraft.wooden_pressure_plate":10,"stat.pickup.minecraft.detector_rail":17,"stat.useItem.minecraft.packed_ice":1,"stat.useItem.minecraft.quartz_ore":911,"stat.drop.minecraft.stone":1,"stat.crouchOneCm":30100,"stat.useItem.minecraft.nether_brick_fence":26,"stat.pickup.minecraft.painting":62,"stat.pickup.minecraft.melon":11,"stat.drop.minecraft.stained_glass_pane":2,"stat.pickup.minecraft.heavy_weighted_pressure_plate":3,"stat.pickup.minecraft.comparator":3,"stat.pickup.minecraft.repeater":275,"stat.useItem.minecraft.golden_rail":3,"stat.useItem.minecraft.dark_oak_fence":1,"stat.useItem.minecraft.furnace":6,"stat.drop.minecraft.carpet":1,"stat.useItem.minecraft.wool":2753,"stat.useItem.minecraft.iron_bars":219,"stat.flowerPotted":151,"stat.useItem.minecraft.log":187,"stat.useItem.minecraft.comparator":75,"stat.useItem.minecraft.gravel":2,"stat.drop.minecraft.sign":3,"stat.drop.minecraft.iron_door":1,"stat.drop.minecraft.stonebrick":1,"stat.pickup.minecraft.wooden_door":56,"stat.useItem.minecraft.glass_pane":185,"stat.pickup.minecraft.banner":1,"stat.useItem.minecraft.birch_door":14,"stat.drop.minecraft.dropper":1,"stat.useItem.minecraft.jungle_door":4,"stat.useItem.minecraft.daylight_detector":26,"stat.useItem.minecraft.wooden_pressure_plate":32,"stat.useItem.minecraft.stonebrick":384,"stat.useItem.minecraft.wooden_door":234,"stat.useItem.minecraft.spruce_door":6,"stat.pickup.minecraft.iron_door":86,"stat.pickup.minecraft.red_flower":20,"stat.sneakTime":210340,"stat.pickup.minecraft.wool":1,"stat.pickup.minecraft.stone_slab":1,"stat.pickup.minecraft.redstone_torch":169,"stat.pickup.minecraft.stone_pressure_plate":26,"stat.useItem.minecraft.repeater":2130,"stat.pickup.minecraft.flower_pot":23,"stat.swimOneCm":171937,"stat.climbOneCm":363321,"stat.useItem.minecraft.end_rod":8,"stat.useItem.minecraft.redstone_torch":299,"stat.pickup.minecraft.sticky_piston":3,"stat.useItem.minecraft.dirt":180,"stat.useItem.minecraft.stone_slab2":60483,"stat.useItem.minecraft.detector_rail":91,"stat.flyOneCm":58942713,"stat.pickup.minecraft.sandstone":2,"stat.pickup.minecraft.redstone":1252,"stat.timeSinceDeath":11406638,"stat.useItem.minecraft.sign":630,"stat.useItem.minecraft.melon_block":34,"stat.useItem.minecraft.wooden_slab":893,"stat.useItem.minecraft.iron_door":220,"stat.drop.minecraft.repeater":3,"stat.useItem.minecraft.lever":904,"stat.pickup.minecraft.stonebrick":1,"stat.pickup.minecraft.carpet":218,"stat.pickup.minecraft.trapdoor":1,"stat.drop.minecraft.wool":1,"stat.talkedToVillager":2,"stat.useItem.minecraft.sea_lantern":1,"stat.useItem.minecraft.spruce_fence":1,"stat.useItem.minecraft.dropper":1,"stat.sprintOneCm":4708265,"stat.useItem.minecraft.diamond_block":14,"stat.useItem.minecraft.hay_block":17,"stat.useItem.minecraft.stone_slab":4104,"stat.useItem.minecraft.bed":197,"stat.useItem.minecraft.stone_pressure_plate":426,"stat.drop":63,"stat.pickup.minecraft.stone_button":25,"stat.useItem.minecraft.banner":6,"stat.useItem.minecraft.ladder":238,"stat.useItem.minecraft.diamond_ore":97,"stat.useItem.minecraft.purpur_block":8,"stat.pickup.minecraft.iron_block":7,"stat.useItem.minecraft.birch_stairs":17,"stat.diveOneCm":1270637,"stat.drop.minecraft.flower_pot":1,"stat.useItem.minecraft.sticky_piston":205,"stat.drop.minecraft.purpur_stairs":1,"stat.pickup.minecraft.sign":86,"stat.useItem.minecraft.quartz_stairs":305,"stat.drop.minecraft.bookshelf":1,"stat.pickup.minecraft.purpur_stairs":1,"stat.pickup.minecraft.stained_glass_pane":3,"stat.useItem.minecraft.carpet":5296,"stat.useItem.minecraft.heavy_weighted_pressure_plate":62,"stat.useItem.minecraft.stained_glass_pane":210,"stat.useItem.minecraft.flower_pot":84,"stat.drop.minecraft.sandstone":1,"stat.jump":13633,"stat.useItem.minecraft.iron_trapdoor":10,"stat.useItem.minecraft.sand":45,"stat.useItem.minecraft.piston":45,"stat.useItem.minecraft.stone_button":182,"stat.useItem.minecraft.light_weighted_pressure_plate":38,"stat.drop.minecraft.glowstone":1,"stat.drop.minecraft.glass":3,"stat.useItem.minecraft.glass":1718,"stat.useItem.minecraft.dispenser":1,"stat.useItem.minecraft.redstone_lamp":2054,"stat.useItem.minecraft.stone_brick_stairs":29,"stat.useItem.minecraft.gold_block":18,"stat.dispenserInspected":5,"stat.useItem.minecraft.acacia_door":94,"stat.useItem.minecraft.slime":4,"stat.pickup.minecraft.bed":2,"stat.useItem.minecraft.birch_fence":94,"stat.useItem.minecraft.magma":37,"stat.pickup.minecraft.emerald_block":1,"stat.pickup.minecraft.stained_glass":1,"stat.damageDealt":10,"stat.sleepInBed":1,"stat.drop.minecraft.emerald_block":1,"stat.drop.minecraft.painting":1,"stat.walkOneCm":35234797,"stat.useItem.minecraft.pumpkin":1,"stat.useItem.minecraft.observer":87,"stat.useItem.minecraft.emerald_block":56,"stat.pickup.minecraft.purpur_slab":1,"stat.drop.minecraft.iron_block":9,"stat.useItem.minecraft.redstone_block":98,"stat.useItem.minecraft.item_frame":2,"stat.useItem.minecraft.birch_fence_gate":1,"stat.useItem.minecraft.spruce_stairs":252,"stat.pickup.minecraft.stone":1,"stat.useItem.minecraft.stained_hardened_clay":6,"stat.useItem.minecraft.redstone_ore":412,"stat.pickup.minecraft.ladder":21,"stat.useItem.minecraft.concrete":12,"stat.useItem.minecraft.netherrack":2,"stat.useItem.minecraft.prismarine":28,"stat.drop.minecraft.lever":13,"stat.useItem.minecraft.tripwire_hook":4,"stat.useItem.minecraft.iron_block":54205,"stat.mobKills":1,"stat.useItem.minecraft.cobblestone_wall":14,"stat.useItem.minecraft.purpur_slab":36,"stat.useItem.minecraft.sandstone":61}